{
  "meta_title": "",
  "meta_description": "",
  "sections": [
    {
      "type": "banner-slider",
      "autoplay": 9000,
      "slides": [
        {
          "img": "/img/uploads/banner_bolsa.png",
          "link": "",
          "alt": "",
          "start": "",
          "end": "",
          "mobile_img": "/img/uploads/copia-de-copia-de-copia-de-sem-nome.png"
        }
      ]
    },
    {
      "type": "page-title",
      "title": "Matéria-prima que cuida do meio ambiente",
      "description": "Produtos com altíssima qualidade. Desenvolvidas pensando no bem estar do nosso planeta. Desde 2001 iniciamos uma pesquisa afim de estabelecer vínculo com pequenos produtores para levar materia prima de qualidade e produtos que não agridem a natureza. Para manter a qualidade, toda a linha de produção é artensal. Garantido exclusividade e excelencia na entrega."
    },
    {
      "type": "responsive-banner",
      "img": "/img/uploads/7.png"
    },
    {
      "type": "responsive-banner",
      "img": "/img/uploads/6.png"
    }
  ]
}